farm_size_ha,years_experience,current_debt_php,crop_type,loan_repayment_hist,irrigation_access,avg_yield_tons_ha,credit_risk
2.43,15,144539,Soybean,0,1,1.3,High
5.72,12,121999,Soybean,1,1,3.58,Low
4.47,30,114793,Corn,1,1,4.74,Low
3.71,16,108177,Vegetable,1,1,2.29,Low
1.19,24,12289,Corn,1,0,4.36,Low
1.19,19,86365,Vegetable,0,1,5.53,High
0.63,8,114014,Rice,1,0,1.88,High
5.24,21,72588,Rice,1,0,6.03,Low
3.73,17,63646,Rice,1,0,3.96,Low
4.34,23,3654,Rice,1,1,2.51,Low
0.42,5,18743,Soybean,0,0,3.26,High
5.83,22,48368,Soybean,1,1,2.58,Low
5.04,16,137513,Corn,1,0,4.93,Low
1.51,6,119735,Vegetable,0,0,5.34,High
1.34,8,119891,Rice,0,0,5.55,High
1.35,25,107971,Rice,1,1,6.42,Low
2.03,18,12149,Vegetable,1,0,5.31,Low
3.29,25,100102,Vegetable,0,1,4.23,Low
2.76,12,59189,Corn,0,1,2.73,High
1.96,15,71031,Vegetable,1,1,3.9,High
3.79,27,42668,Rice,0,1,1.03,Low
1.1,26,144745,Rice,1,1,5.05,Low
1.97,9,88204,Rice,1,0,3.34,High
2.39,13,140507,Rice,1,0,0.91,High
2.9,26,37384,Rice,1,1,1.16,Low
4.78,15,81929,Corn,0,1,3.01,High
1.44,10,127959,Rice,1,1,4.13,Low
3.23,16,76153,Corn,1,1,3.45,Low
3.68,7,75388,Rice,0,1,4.33,High
0.56,17,31401,Soybean,1,0,3.54,Low
3.76,23,119503,Soybean,1,1,4.57,Low
1.27,26,127834,Soybean,1,1,2.05,High
0.67,21,34084,Soybean,1,1,1.44,Low
5.71,22,110641,Corn,1,0,4.2,Low
5.8,26,105111,Corn,0,0,3.56,High
4.91,7,138299,Vegetable,1,0,0.95,Low
2.04,14,36041,Rice,1,0,2.97,Low
0.86,15,88920,Soybean,0,1,1.4,High
4.2,21,65681,Corn,0,1,3.83,Low
2.81,7,81571,Rice,1,0,3.06,Low
1.0,9,127556,Rice,1,1,4.29,Low
3.12,19,26160,Corn,1,0,5.39,Low
0.5,16,17633,Soybean,1,1,2.51,High
5.48,8,17014,Vegetable,1,1,6.28,Low
1.78,18,80532,Rice,1,0,3.85,Low
4.08,27,49104,Vegetable,0,0,4.32,Low
2.08,23,77231,Soybean,1,0,4.68,High
3.26,29,68388,Soybean,0,1,4.6,Low
3.42,18,16014,Vegetable,1,0,3.71,Low
1.35,30,92578,Soybean,0,1,3.24,High
5.83,20,40390,Rice,0,1,1.11,Low
4.72,7,23711,Vegetable,0,1,0.93,High
5.66,3,91658,Soybean,1,1,2.84,Low
5.4,18,57993,Vegetable,1,1,2.7,Low
3.71,27,7421,Rice,1,1,3.01,Low
5.55,10,17727,Soybean,0,1,1.59,High
0.8,7,112418,Rice,1,1,5.01,Low
1.42,17,4358,Soybean,1,1,5.68,Low
0.56,14,65108,Corn,1,1,6.15,Low
2.15,24,94018,Soybean,1,1,3.61,Low
2.52,3,124457,Vegetable,1,0,4.79,High
1.85,12,31910,Soybean,1,1,5.68,Low
5.02,28,126888,Rice,0,1,3.18,Low
2.33,13,55754,Rice,0,1,2.56,High
1.9,2,109847,Soybean,0,0,6.14,High
3.39,3,38467,Vegetable,1,0,3.74,Low
1.1,5,148697,Corn,0,0,3.63,High
4.87,11,33893,Vegetable,0,0,1.82,High
0.72,8,76329,Corn,0,0,1.42,High
5.93,26,31007,Rice,0,0,5.6,Low
4.7,23,54253,Vegetable,1,0,4.3,Low
1.43,23,12323,Corn,0,1,2.66,High
0.33,12,111335,Soybean,1,1,1.89,High
4.95,7,112356,Rice,1,1,3.97,Low
4.33,15,110944,Soybean,1,0,4.13,Low
4.46,24,145282,Rice,0,0,1.98,High
4.7,17,16456,Vegetable,0,0,5.65,High
0.72,4,31367,Vegetable,0,1,1.28,High
2.34,29,54624,Rice,0,1,2.83,Low
0.96,22,141178,Rice,1,1,4.68,Low
5.22,25,68008,Rice,1,1,2.36,Low
3.85,13,125926,Vegetable,1,0,5.52,High
2.19,18,115395,Corn,1,0,5.02,Low
0.66,1,116492,Soybean,1,1,5.3,High
2.07,16,72240,Soybean,1,0,1.48,Low
2.15,13,64315,Vegetable,1,1,1.6,High
4.46,10,10756,Soybean,0,0,2.43,High
3.93,12,36378,Rice,1,1,3.75,Low
5.36,30,135327,Corn,0,1,5.06,Low
2.99,2,145556,Soybean,0,1,5.57,High
0.98,23,125703,Corn,1,1,4.81,Low
4.37,3,56549,Rice,1,1,6.09,Low
4.64,10,73794,Soybean,1,0,5.01,Low
3.5,2,45113,Vegetable,1,0,2.55,Low
4.69,30,74069,Corn,0,0,2.31,High
3.11,27,136321,Rice,1,1,4.77,Low
3.28,23,125541,Corn,1,0,1.9,Low
2.74,13,9686,Soybean,1,1,1.33,Low
0.44,13,53363,Soybean,0,1,3.83,High
0.91,18,97543,Vegetable,0,0,5.48,High
0.48,3,131733,Rice,0,0,1.38,High
3.93,27,95673,Rice,1,1,5.31,Low
2.09,7,42828,Vegetable,0,1,5.43,High
3.2,14,48604,Vegetable,0,0,3.55,High
5.47,20,10526,Rice,0,1,1.13,Low
1.72,29,68910,Corn,0,1,1.8,High
2.64,30,25592,Corn,1,0,4.83,Low
4.61,17,28982,Vegetable,0,1,4.86,Low
1.6,29,207,Corn,0,1,5.92,Low
0.74,30,88733,Rice,1,1,4.12,Low
1.95,21,124982,Soybean,1,0,1.51,High
1.22,12,68619,Soybean,0,0,1.49,High
5.6,25,46479,Corn,1,0,4.91,Low
4.91,16,141826,Vegetable,1,0,1.85,High
3.91,24,81437,Vegetable,0,0,2.67,High
5.27,12,98540,Vegetable,1,1,3.58,Low
4.88,15,72982,Vegetable,1,1,0.94,Low
1.36,25,102747,Vegetable,1,0,2.22,High
5.39,10,48231,Corn,1,0,3.12,Low
3.37,30,29301,Soybean,1,0,2.39,Low
4.9,25,18752,Soybean,1,0,1.58,Low
5.41,7,98452,Corn,0,1,4.95,High
2.11,20,144467,Vegetable,1,1,5.43,High
0.93,5,121237,Corn,0,1,2.27,High
1.6,1,56273,Soybean,0,1,5.21,High
2.73,30,91878,Rice,1,1,3.0,Low
4.96,17,4895,Corn,0,0,3.69,High
5.21,3,119968,Vegetable,1,0,5.68,Low
0.34,13,115700,Soybean,1,1,5.07,High
3.21,14,76559,Soybean,1,0,5.39,Low
2.68,24,10699,Soybean,0,0,1.58,High
1.57,30,9715,Soybean,1,1,1.2,Low
0.98,18,19169,Vegetable,1,0,5.89,Low
2.22,4,118413,Rice,0,0,3.01,High
5.67,18,147235,Soybean,1,0,2.44,Low
2.14,30,119264,Corn,1,0,4.93,Low
3.26,5,5782,Rice,1,0,5.57,Low
4.31,25,124481,Soybean,0,1,5.72,Low
2.37,16,35585,Rice,0,1,2.6,High
5.84,1,30682,Corn,1,1,5.66,Low
5.79,21,129992,Soybean,1,0,1.03,High
1.74,14,84416,Corn,1,1,1.08,High
3.13,15,127810,Vegetable,0,1,4.35,High
2.02,9,38067,Soybean,1,0,1.16,High
1.92,15,18073,Soybean,1,0,2.65,Low
0.51,17,36035,Soybean,1,0,4.63,Low
3.77,25,90373,Soybean,1,1,2.72,Low
3.17,24,83362,Vegetable,1,1,1.82,High
0.59,4,90517,Soybean,1,1,2.4,High
1.89,12,65450,Rice,1,1,3.41,Low
5.48,27,10382,Soybean,0,1,3.51,Low
1.67,26,135509,Vegetable,1,0,5.26,Low
1.13,5,61929,Soybean,0,0,5.08,High
3.09,29,98864,Rice,1,1,3.4,Low
5.92,5,143401,Vegetable,0,0,5.62,High
1.68,11,25169,Vegetable,0,0,1.45,High
4.13,28,87468,Rice,1,1,2.26,Low
4.64,6,34594,Rice,1,0,5.52,Low
1.65,7,45033,Rice,0,1,2.95,Low
4.45,24,63133,Rice,1,1,6.39,Low
2.4,14,73861,Rice,0,0,3.46,High
3.9,24,31750,Vegetable,1,1,5.31,Low
3.91,11,40461,Vegetable,0,0,3.09,High
3.35,30,78222,Soybean,1,1,3.22,Low
0.81,13,112020,Soybean,0,0,2.98,High
5.06,2,24226,Corn,0,1,4.9,Low
2.13,25,6721,Soybean,0,1,3.92,Low
1.36,7,20609,Soybean,1,1,6.18,Low
0.53,20,130513,Rice,0,0,2.23,High
3.67,4,104211,Rice,1,0,1.37,High
4.16,27,136728,Soybean,0,0,3.04,High
0.39,8,124865,Corn,1,0,4.32,Low
3.22,20,74520,Rice,0,0,5.71,High
1.59,29,64309,Soybean,1,0,2.77,Low
3.98,22,29984,Soybean,0,0,4.53,High
1.29,21,118947,Vegetable,0,0,2.8,High
4.24,19,5901,Corn,0,0,4.32,Low
2.5,13,31055,Vegetable,1,0,5.84,Low
5.64,14,145788,Corn,1,1,2.12,Low
1.08,10,114099,Rice,0,0,3.1,High
2.24,11,11138,Corn,1,0,6.46,Low
0.95,2,23429,Soybean,1,1,5.75,Low
5.57,25,50200,Soybean,0,1,4.02,Low
5.3,26,101268,Corn,0,1,3.74,High
1.77,9,17347,Corn,1,0,2.42,High
4.06,17,147992,Corn,0,0,3.75,High
4.96,26,31822,Vegetable,0,1,5.63,Low
3.46,3,40108,Corn,1,0,4.71,Low
3.32,24,128955,Rice,0,0,2.45,High
1.68,6,7967,Vegetable,1,1,1.95,Low
0.83,5,110719,Vegetable,1,0,2.31,High
5.41,5,11871,Corn,1,0,1.77,Low
5.43,22,28179,Rice,1,0,1.35,Low
3.91,15,55099,Vegetable,0,0,3.19,High
2.23,23,35262,Soybean,1,0,1.45,High
2.29,17,78213,Vegetable,1,0,1.78,High
4.44,9,117407,Corn,1,1,3.92,Low
5.41,3,149340,Rice,1,0,1.74,High
5.36,20,86269,Corn,1,0,1.16,High
4.75,26,60545,Soybean,1,0,2.61,Low
3.96,17,39922,Soybean,1,1,2.06,High
0.78,29,42913,Soybean,0,0,3.74,High
1.22,27,97033,Corn,1,1,1.38,High
5.42,10,104792,Vegetable,1,0,5.09,Low
3.76,3,119863,Corn,1,1,5.97,Low
0.35,18,44936,Rice,0,1,5.04,Low
0.88,18,28141,Vegetable,1,1,3.84,Low
4.08,30,140146,Soybean,1,1,5.71,Low
0.33,17,137478,Corn,1,0,4.76,Low
1.22,24,97359,Soybean,0,0,0.86,High
3.43,3,123279,Soybean,1,0,3.05,High
4.24,3,41568,Rice,0,1,5.65,High
4.02,6,97539,Vegetable,1,1,2.77,High
1.58,13,46851,Rice,1,0,1.0,High
4.36,24,54823,Rice,0,0,5.05,Low
1.65,29,23312,Rice,1,0,5.37,Low
2.15,15,98723,Soybean,0,0,1.72,High
4.56,25,12411,Rice,0,1,3.86,Low
4.0,9,57009,Rice,0,0,1.89,High
5.14,4,146494,Vegetable,1,0,4.9,Low
4.05,14,32371,Vegetable,0,1,2.35,High
3.54,5,57022,Rice,1,1,2.6,Low
0.83,2,71229,Vegetable,0,0,5.62,High
2.4,11,99071,Vegetable,0,1,3.52,High
1.81,9,96774,Rice,0,1,4.62,High
1.69,24,26715,Soybean,1,0,3.09,Low
5.85,3,27605,Rice,1,1,2.5,Low
2.54,27,99853,Vegetable,1,1,4.37,Low
5.38,28,31174,Soybean,0,0,1.68,High
3.9,29,141028,Corn,1,0,2.93,Low
4.83,9,76373,Soybean,1,0,1.99,High
3.17,3,69252,Vegetable,0,0,4.77,High
3.59,25,70017,Soybean,1,0,6.18,Low
3.11,2,63037,Rice,1,0,6.47,Low
1.41,12,89818,Corn,1,1,3.37,High
4.42,10,6548,Corn,1,0,2.24,High
1.9,9,116981,Corn,1,0,3.32,High
0.44,15,24022,Vegetable,1,1,5.63,Low
3.98,8,106297,Vegetable,1,1,1.97,High
1.31,25,136614,Corn,1,0,6.23,High
5.66,5,60428,Soybean,0,1,2.75,High
5.74,11,59353,Corn,1,1,6.42,Low
5.51,27,113132,Soybean,1,0,5.58,High
2.41,2,16052,Soybean,0,0,5.41,High
0.39,24,100689,Vegetable,1,1,2.61,High
5.59,28,131743,Soybean,1,1,0.85,High
2.74,15,163,Corn,0,1,2.98,Low
5.81,6,41424,Vegetable,0,0,2.52,High
5.79,8,141706,Rice,0,0,1.01,High
5.16,27,135870,Rice,0,1,3.68,High
1.98,5,22420,Vegetable,0,0,3.1,High
2.5,16,120575,Corn,1,1,4.42,Low
5.15,26,29300,Rice,0,0,4.34,High
2.11,18,89881,Rice,1,0,1.49,High
1.27,6,10749,Soybean,0,0,6.37,High
3.47,5,104131,Soybean,1,0,1.87,High
5.64,28,128563,Corn,1,1,3.34,Low
4.27,16,37487,Vegetable,1,0,3.58,Low
3.55,13,21223,Corn,0,0,5.43,High
0.85,28,72930,Vegetable,1,1,1.37,High
3.81,5,145128,Rice,0,0,3.24,High
5.94,13,28380,Soybean,0,1,4.38,High
1.1,17,26035,Corn,1,0,2.03,Low
3.25,18,30620,Corn,0,1,4.38,Low
5.3,8,117360,Vegetable,0,0,6.06,Low
4.52,13,53352,Vegetable,0,1,6.49,High
4.27,30,3191,Corn,1,0,0.98,Low
4.3,29,90536,Vegetable,1,0,2.14,High
2.35,19,104576,Corn,1,0,2.57,Low
1.97,26,3631,Corn,1,1,3.08,Low
4.91,3,137244,Corn,0,0,2.18,High
4.92,24,42080,Rice,1,0,1.96,Low
5.24,8,90353,Vegetable,0,1,6.24,Low
5.51,2,28671,Soybean,1,1,6.04,Low
3.21,8,122811,Soybean,1,0,1.07,Low
3.16,27,127734,Vegetable,0,0,2.73,High
4.85,13,51399,Corn,0,1,3.11,High
4.0,13,7099,Soybean,1,1,2.16,Low
4.3,1,56492,Soybean,1,1,4.38,Low
4.84,6,96722,Vegetable,1,0,4.45,Low
5.37,24,30111,Soybean,1,0,5.65,Low
2.23,19,63936,Corn,1,0,5.02,Low
2.44,16,60920,Vegetable,1,0,3.89,High
0.84,8,63530,Corn,1,0,4.53,Low
3.6,28,7788,Soybean,0,1,2.36,High
0.5,1,28082,Soybean,1,1,4.18,High
2.95,27,123287,Corn,1,1,3.59,Low
3.39,27,89570,Rice,1,0,1.56,Low
1.93,16,101015,Soybean,0,0,2.18,High
3.67,9,83588,Rice,0,1,2.46,High
0.47,13,147603,Soybean,1,1,6.07,Low
0.51,11,88340,Rice,0,0,2.11,High
4.99,13,94439,Rice,1,0,2.45,High
2.35,25,141214,Rice,1,1,2.91,Low
1.02,21,115053,Corn,1,0,4.58,High
3.28,10,48355,Rice,1,0,1.47,Low
4.69,4,140938,Rice,0,1,6.24,High
1.53,27,125426,Rice,0,0,5.73,Low
3.85,6,64027,Soybean,1,1,4.09,Low
0.79,28,92601,Rice,0,0,4.64,High
0.59,7,29956,Soybean,1,0,0.89,High
3.33,5,104797,Rice,1,0,2.73,Low
3.38,11,124917,Rice,1,0,5.34,Low
3.93,13,126303,Corn,1,1,1.24,Low
4.44,26,136511,Soybean,1,0,2.41,High
5.86,25,42533,Rice,1,0,4.14,Low
3.24,19,78815,Soybean,1,0,2.26,High
2.14,23,39279,Soybean,1,0,6.12,Low
4.83,10,109787,Vegetable,0,0,1.55,High
1.84,10,148702,Corn,1,0,5.35,Low
2.8,11,61063,Corn,0,1,3.7,High
0.75,21,127896,Corn,1,0,5.08,Low
0.44,30,97661,Vegetable,0,0,2.57,High
5.79,7,138051,Vegetable,0,0,3.73,High
5.07,18,123257,Corn,0,0,5.68,Low
4.27,4,86205,Vegetable,1,1,3.46,High
2.63,2,6910,Vegetable,0,1,2.85,High
1.29,14,46857,Vegetable,1,0,3.86,High
1.19,13,34964,Corn,1,0,4.89,Low
1.73,29,137050,Corn,1,1,3.33,Low
3.43,12,17153,Corn,1,0,6.15,Low
4.37,7,59765,Vegetable,1,1,2.48,Low
4.06,2,108212,Corn,0,0,3.51,High
1.9,13,39071,Vegetable,0,0,5.11,High
5.74,14,112990,Rice,1,1,4.73,Low
4.51,27,69519,Vegetable,0,1,5.72,Low
3.46,17,9503,Soybean,1,1,6.48,Low
3.79,9,95457,Corn,0,0,3.23,High
2.69,17,147977,Corn,1,1,1.43,Low
1.71,8,45838,Soybean,1,1,0.97,High
2.33,2,125200,Vegetable,0,0,4.94,High
4.62,28,89489,Rice,0,0,5.78,Low
0.38,24,26806,Soybean,0,0,2.06,High
0.96,13,70119,Soybean,0,0,1.7,High
0.56,3,38714,Vegetable,0,1,1.15,High
0.53,16,55419,Corn,0,0,5.49,High
5.18,6,105432,Vegetable,0,0,2.57,High
4.31,19,92949,Soybean,0,0,3.09,High
3.0,30,133533,Soybean,1,1,3.67,High
0.86,7,145363,Corn,0,0,5.58,High
3.1,10,76971,Corn,1,1,4.51,Low
3.0,9,93471,Corn,0,0,4.31,High
1.29,2,64946,Vegetable,0,1,1.8,High
2.77,28,98989,Corn,0,1,3.73,High
2.57,28,84080,Soybean,0,1,4.88,High
3.81,15,77794,Soybean,0,1,6.35,High
3.92,30,30841,Rice,1,0,1.95,Low
0.56,5,124447,Vegetable,0,1,0.85,High
2.44,29,120029,Rice,1,0,1.23,High
3.87,22,76272,Soybean,1,1,2.94,Low
3.17,4,37643,Rice,1,1,5.48,Low
5.18,20,43950,Soybean,1,0,0.84,Low
4.05,4,100500,Rice,1,1,3.4,Low
1.23,18,125588,Corn,0,0,2.68,High
0.7,4,15997,Rice,1,0,1.1,High
3.96,27,79751,Corn,1,1,3.37,Low
0.45,17,98605,Corn,1,1,2.25,Low
3.64,12,55533,Vegetable,1,1,2.81,Low
5.66,22,82566,Corn,0,1,4.82,Low
3.58,17,145643,Corn,1,1,3.77,Low
2.51,10,108255,Rice,1,1,1.51,High
3.97,22,58005,Soybean,1,1,6.28,Low
2.91,1,43541,Vegetable,1,0,4.42,High
3.41,22,23387,Corn,1,0,5.17,Low
5.67,26,93980,Vegetable,1,0,1.25,Low
2.5,24,85457,Rice,0,1,1.07,High
5.78,27,144129,Corn,0,1,0.91,High
5.46,18,64028,Rice,1,0,1.88,Low
1.42,18,119246,Vegetable,0,0,3.16,High
0.7,14,55731,Rice,1,0,6.13,High
0.87,15,44638,Vegetable,1,1,3.41,Low
0.4,29,20567,Rice,0,0,2.45,High
0.84,12,57804,Vegetable,1,0,4.0,High
4.19,4,108821,Soybean,0,1,1.44,High
0.71,27,3754,Rice,1,0,4.27,Low
2.12,3,27044,Rice,1,0,4.04,Low
5.12,20,67260,Soybean,1,1,5.31,Low
0.43,29,66912,Soybean,0,1,6.42,High
4.94,12,8706,Rice,0,0,2.23,High
1.91,7,8894,Soybean,0,0,3.71,Low
0.97,29,149109,Corn,1,1,5.98,Low
4.27,11,83986,Vegetable,1,1,5.28,Low
3.88,1,81942,Vegetable,1,1,3.58,Low
5.3,6,29725,Vegetable,1,0,6.19,High
4.49,15,136998,Corn,0,1,1.13,High
4.88,15,104555,Soybean,1,0,6.11,Low
1.91,19,9496,Soybean,0,1,1.09,High
1.31,11,56447,Rice,0,1,3.92,High
4.58,26,101604,Soybean,1,0,5.88,Low
4.9,23,88199,Rice,0,0,2.3,High
5.95,26,41321,Corn,1,0,3.49,Low
2.65,2,55147,Vegetable,1,1,2.65,Low
2.42,14,91396,Vegetable,1,0,6.23,High
4.73,2,38787,Vegetable,1,1,5.49,Low
2.24,29,21727,Soybean,1,0,4.84,Low
5.61,4,95081,Rice,1,1,4.15,High
5.19,17,122721,Rice,1,0,5.48,Low
2.75,3,68056,Corn,1,0,3.04,High
4.58,13,134153,Soybean,0,1,3.35,High
4.6,9,80102,Corn,0,0,4.96,High
0.89,7,76865,Rice,1,1,2.84,High
5.44,15,67695,Rice,1,1,1.16,Low
3.18,23,117235,Vegetable,0,0,1.22,High
5.01,29,108777,Soybean,1,1,1.46,Low
2.12,29,19033,Rice,0,0,5.76,High
5.4,11,141877,Vegetable,1,1,3.49,Low
2.52,20,26832,Soybean,1,1,4.86,Low
0.36,2,115725,Corn,1,1,3.04,Low
5.46,15,145016,Soybean,1,1,2.27,Low
0.82,14,19873,Soybean,0,0,2.78,High
2.12,20,40372,Rice,1,0,5.33,Low
5.72,22,89464,Rice,0,0,4.36,Low
5.72,11,146451,Soybean,0,0,6.14,High
3.57,27,117322,Rice,1,1,4.67,Low
3.9,3,100082,Rice,0,1,4.05,High
2.86,17,5110,Rice,1,1,4.28,Low
1.97,30,12087,Vegetable,1,1,6.17,Low
2.17,12,82617,Vegetable,0,0,5.29,High
4.13,24,100483,Soybean,1,1,0.94,Low
4.59,28,9596,Rice,1,1,3.84,Low
4.81,29,107539,Vegetable,1,0,4.72,Low
4.8,21,18313,Soybean,1,0,5.07,Low
0.82,15,113175,Rice,0,1,2.01,High
3.12,16,114914,Corn,0,1,5.74,Low
0.63,5,23705,Rice,0,1,6.25,High
3.43,27,73445,Rice,0,0,2.15,High
2.82,20,103892,Vegetable,1,1,5.83,Low
5.36,6,2023,Soybean,1,1,1.35,Low
2.3,19,119654,Soybean,1,1,1.12,High
0.97,25,80073,Vegetable,1,0,1.54,High
1.12,5,92197,Rice,1,1,1.13,High
4.64,3,64429,Corn,0,0,5.62,High
3.82,27,104195,Rice,1,0,1.14,High
0.88,1,33848,Rice,1,0,2.35,High
0.78,26,146451,Corn,1,1,1.39,High
4.3,28,27766,Vegetable,0,0,2.48,High
0.71,6,68099,Soybean,0,0,1.32,High
4.98,15,69122,Vegetable,1,1,4.61,Low
4.33,2,147159,Vegetable,1,0,1.56,High
0.76,29,48868,Rice,0,1,5.66,Low
0.78,3,119119,Soybean,1,1,5.46,High
5.92,17,95286,Soybean,1,0,0.88,Low
2.43,25,6643,Vegetable,0,1,5.91,Low
2.41,24,36727,Corn,0,0,0.96,High
4.93,12,142077,Vegetable,1,1,2.17,High
5.7,18,109079,Corn,0,0,0.98,High
5.92,15,65697,Soybean,0,0,2.71,High
4.59,12,16029,Vegetable,1,0,3.73,Low
2.44,16,145298,Rice,0,1,5.34,High
0.78,27,109458,Vegetable,0,1,2.73,High
4.73,8,110384,Soybean,0,0,4.82,High
3.48,28,68926,Rice,0,1,1.87,High
2.72,14,137069,Rice,1,1,5.08,Low
5.47,25,55506,Corn,1,0,2.15,Low
0.93,17,78229,Rice,1,0,1.62,High
3.11,29,42092,Rice,1,0,1.86,Low
0.36,21,62539,Vegetable,1,1,1.84,High
2.97,8,13428,Soybean,0,1,3.72,High
0.62,15,141330,Corn,0,1,5.62,High
0.98,27,57775,Vegetable,0,0,1.25,High
0.97,14,5469,Rice,0,0,4.83,High
4.0,18,28854,Rice,0,0,4.53,Low
4.55,20,137328,Corn,1,0,5.77,Low
3.63,7,76256,Soybean,1,0,2.19,High
5.78,3,99134,Corn,1,0,3.37,Low
2.44,29,132723,Vegetable,0,1,6.08,High
1.93,12,84730,Corn,1,0,4.56,High
5.25,21,27386,Rice,0,0,3.02,Low
1.57,24,147256,Vegetable,1,0,1.55,High
5.79,28,33787,Rice,0,0,2.3,High
0.37,26,21621,Soybean,0,0,4.11,High
5.83,3,77984,Rice,0,0,4.89,High
0.55,20,34051,Rice,0,0,1.51,High
5.38,14,49811,Corn,0,0,4.22,High
3.31,15,30447,Rice,0,1,3.94,Low
5.96,25,128046,Vegetable,0,1,3.73,Low
0.72,30,84045,Vegetable,0,0,4.73,High
3.46,14,116859,Soybean,0,0,5.57,High
5.83,7,145544,Vegetable,1,1,2.64,Low
3.28,17,3471,Corn,1,0,5.87,Low
3.89,30,120312,Soybean,1,1,1.72,Low
4.27,12,139401,Vegetable,1,1,1.79,Low
2.89,20,46850,Corn,1,0,2.32,Low
3.88,4,54220,Vegetable,0,1,1.48,High
3.63,9,93808,Vegetable,0,1,2.11,High
5.44,6,137469,Rice,0,1,1.41,High
0.56,16,53072,Vegetable,1,0,5.48,Low
1.9,25,83820,Vegetable,1,1,1.59,Low
5.72,28,23284,Corn,1,0,5.06,Low
5.37,22,83369,Corn,1,0,1.07,Low
2.9,22,25122,Rice,1,1,6.21,Low
3.83,21,130349,Vegetable,1,0,4.85,Low
1.88,21,70553,Rice,0,1,0.84,High
1.37,2,94788,Vegetable,0,0,5.15,High
2.94,24,62812,Soybean,1,0,3.73,High
2.31,8,7999,Soybean,1,0,5.24,Low
3.63,11,22436,Rice,1,1,3.78,Low
0.74,13,42963,Rice,1,0,4.45,Low
5.85,17,133168,Rice,0,1,5.28,Low
5.92,8,108899,Corn,1,1,3.11,Low
4.28,21,26201,Corn,1,0,0.82,Low
3.36,18,146150,Corn,1,1,5.64,Low
2.06,30,5105,Rice,1,0,2.97,Low
4.94,18,117666,Vegetable,0,1,3.63,High
4.2,14,94848,Soybean,0,1,0.84,High
1.23,15,2839,Rice,0,0,3.6,High
5.49,6,68920,Corn,1,1,6.42,Low
4.99,11,43619,Corn,1,0,2.39,High
5.71,13,42821,Rice,1,0,3.05,Low
4.44,25,125736,Rice,0,0,4.72,High
3.8,1,144565,Corn,1,1,5.44,Low
2.68,28,17069,Vegetable,1,0,3.18,Low
5.62,6,7531,Corn,0,0,2.57,Low
5.24,9,138808,Corn,0,0,6.15,Low
0.56,8,138782,Rice,1,0,4.66,Low
0.45,11,67155,Vegetable,1,0,1.48,High
2.45,22,145047,Corn,1,0,1.19,Low
4.92,19,62424,Corn,0,0,3.56,High
5.93,24,45603,Soybean,1,1,2.05,Low
1.16,9,132503,Rice,0,1,2.25,High
3.69,17,92573,Soybean,1,0,5.8,Low
2.47,12,140629,Soybean,0,1,1.31,High
5.83,25,103302,Corn,0,0,4.88,High
5.1,14,131234,Rice,1,1,2.35,Low
5.08,15,19675,Vegetable,0,0,5.13,Low
2.97,16,73997,Corn,1,1,4.92,Low
2.66,22,148087,Vegetable,0,1,0.84,High
1.86,22,140905,Vegetable,0,0,3.7,High
0.62,28,7896,Rice,1,0,1.59,Low
5.23,20,49733,Soybean,0,0,5.74,Low
4.93,1,41800,Rice,0,0,5.77,High
6.0,10,96044,Vegetable,1,0,3.18,Low
5.98,8,5347,Corn,1,0,3.33,Low
3.47,18,133715,Vegetable,0,0,2.53,High
4.68,28,40785,Corn,0,1,4.88,High
5.69,1,18681,Corn,1,0,2.84,Low
5.14,2,103864,Rice,1,0,2.33,High
1.71,1,146964,Vegetable,1,0,3.26,High
2.87,1,47299,Soybean,1,1,1.32,High
1.04,9,17073,Vegetable,1,0,5.06,High
5.74,13,102304,Vegetable,0,0,0.87,High
3.76,30,30682,Soybean,1,1,4.47,Low
1.6,1,124302,Rice,0,1,1.84,High
4.13,13,145361,Vegetable,1,1,2.12,Low
3.82,20,115359,Vegetable,1,1,4.42,Low
2.34,26,138999,Corn,1,1,6.46,Low
0.95,22,66707,Vegetable,1,0,5.23,Low
4.13,7,65428,Soybean,0,0,2.09,High
3.27,2,50601,Corn,0,0,1.8,High
4.7,6,133611,Rice,0,0,5.74,High
3.26,7,111487,Corn,0,1,3.33,High
5.16,26,149817,Soybean,0,1,1.58,High
3.45,14,28228,Soybean,1,0,5.71,High
3.5,26,122788,Corn,0,1,5.45,Low
5.3,18,97239,Rice,0,1,6.41,Low
2.6,15,26928,Corn,1,1,5.99,Low
1.06,2,18322,Rice,0,1,5.66,High
0.46,10,87896,Corn,1,0,1.1,High
4.6,23,62292,Soybean,1,1,1.4,Low
3.84,12,29055,Vegetable,0,0,4.04,High
4.31,17,42891,Vegetable,1,1,3.83,Low
1.51,8,81912,Rice,1,0,3.41,Low
1.08,11,137660,Rice,0,1,3.06,High
0.38,29,90536,Rice,0,0,3.26,High
2.3,3,6304,Soybean,1,1,4.04,Low
3.66,27,7345,Corn,0,1,0.81,High
2.54,6,91006,Soybean,1,0,2.29,High
2.79,9,146424,Vegetable,1,1,3.75,Low
5.45,6,129350,Rice,0,1,4.92,High
2.29,9,19446,Corn,0,1,1.79,High
3.23,7,2336,Vegetable,1,0,3.92,Low
4.77,9,62032,Vegetable,0,1,4.87,High
2.56,18,97852,Vegetable,0,0,3.33,High
3.85,12,138593,Soybean,1,1,0.95,Low
5.22,8,18474,Rice,1,1,3.36,Low
5.71,8,55718,Vegetable,1,1,2.49,Low
1.14,18,44629,Rice,0,0,6.1,High
5.58,28,45232,Soybean,0,1,1.51,High
3.11,30,86544,Vegetable,0,1,4.52,High
1.77,20,50669,Soybean,0,1,1.1,High
2.92,30,69184,Soybean,0,1,3.34,Low
5.89,15,13140,Rice,1,1,3.96,Low
3.11,27,126468,Vegetable,1,0,2.5,Low
2.17,7,83457,Soybean,1,1,3.39,High
3.91,11,14357,Vegetable,1,1,1.73,Low
1.67,20,111672,Rice,0,0,2.53,High
0.73,16,68673,Soybean,0,1,4.34,High
1.03,4,121673,Rice,1,1,2.52,High
1.03,6,65633,Vegetable,1,1,5.93,High
1.17,26,96111,Vegetable,0,0,4.38,High
1.09,22,78258,Rice,1,1,3.3,Low
3.95,26,143996,Corn,1,0,1.02,Low
1.34,3,69286,Soybean,1,1,3.65,High
2.27,9,93269,Vegetable,1,0,5.16,High
5.41,28,74071,Vegetable,0,1,2.31,High
3.0,10,30651,Soybean,1,0,5.4,High
4.11,14,70202,Rice,1,0,2.24,Low
1.28,11,48777,Rice,1,0,5.5,Low
1.4,18,148066,Rice,0,1,1.29,High
0.53,22,67263,Corn,1,1,5.74,Low
1.26,12,100158,Corn,1,1,3.65,Low
1.89,23,10800,Vegetable,1,1,2.49,Low
1.31,12,37823,Rice,1,1,2.31,Low
0.81,13,63878,Soybean,1,0,3.26,High
0.99,25,18708,Vegetable,0,1,6.49,High
2.93,13,143891,Soybean,1,1,2.06,High
1.48,19,63870,Vegetable,1,0,1.39,High
2.38,26,9283,Corn,0,0,4.13,Low
3.17,19,78707,Vegetable,1,1,3.58,Low
4.24,23,5774,Corn,1,0,3.79,Low
0.52,14,142055,Vegetable,1,1,4.6,Low
4.86,4,96468,Rice,0,0,2.32,High
3.88,13,96334,Soybean,1,0,5.99,Low
0.77,8,18133,Rice,0,0,3.28,High
5.28,29,146011,Vegetable,0,0,1.54,High
5.55,23,781,Vegetable,1,1,5.03,Low
0.65,21,114586,Vegetable,0,1,4.47,High
1.88,23,27624,Corn,1,0,2.6,Low
4.9,19,6823,Soybean,1,1,4.34,Low
4.57,12,18489,Soybean,0,0,2.05,High
1.35,18,29118,Vegetable,0,1,3.34,High
1.49,6,100417,Vegetable,0,1,5.93,High
2.41,18,81816,Corn,1,1,1.56,Low
3.06,19,13565,Rice,1,1,3.0,Low
3.82,22,91179,Rice,0,0,5.48,Low
2.4,5,23648,Soybean,1,0,6.33,High
2.94,24,41971,Corn,1,0,3.39,Low
4.56,9,18658,Vegetable,1,0,3.69,Low
0.51,27,21253,Soybean,1,0,4.06,High
1.74,3,88664,Corn,0,0,6.11,High
4.37,28,103850,Rice,1,1,5.69,Low
5.4,10,137924,Corn,0,0,1.77,High
3.22,19,133623,Rice,1,1,3.29,Low
3.33,3,71947,Corn,0,1,3.44,High
0.91,29,61001,Soybean,1,0,5.3,High
2.85,29,122775,Rice,1,1,4.24,Low
3.34,22,33243,Soybean,1,1,4.53,Low
1.68,15,75939,Soybean,1,1,6.49,Low
1.83,1,57828,Rice,1,1,1.23,Low
2.45,7,138311,Rice,0,0,2.07,High
0.41,12,6710,Vegetable,0,1,3.13,High
2.14,17,37991,Vegetable,1,1,2.78,Low
1.51,30,138043,Vegetable,1,1,0.92,High
2.17,21,85445,Soybean,1,1,1.32,High
0.98,26,80257,Soybean,1,0,4.68,High
5.38,29,37711,Vegetable,0,1,5.81,Low
3.68,24,6530,Soybean,0,0,3.73,High
4.17,20,11116,Soybean,1,0,3.87,Low
4.8,5,65794,Rice,1,0,2.25,High
3.14,4,131354,Rice,1,0,5.18,Low
0.8,28,132970,Soybean,0,0,5.09,High
3.36,12,4135,Vegetable,1,1,4.15,Low
3.64,30,137701,Corn,0,1,2.01,Low
4.55,20,109472,Vegetable,0,1,1.35,High
2.76,28,125147,Corn,1,0,1.17,High
1.03,24,89087,Vegetable,0,1,4.18,High
1.92,18,33380,Rice,1,1,5.5,Low
2.37,17,129951,Soybean,0,1,5.69,Low
3.98,19,17071,Soybean,1,1,3.44,Low
3.55,9,20074,Rice,1,1,5.27,Low
2.33,4,67843,Corn,0,0,6.2,High
5.92,26,39901,Corn,0,1,2.37,Low
3.75,21,11205,Corn,0,0,3.07,High
1.65,2,124661,Rice,1,0,6.11,High
0.88,4,5906,Corn,0,1,2.73,High
1.17,2,133663,Rice,1,1,6.01,Low
1.7,15,125576,Vegetable,0,1,6.39,High
1.22,2,62987,Vegetable,1,1,4.57,Low
1.36,4,80685,Rice,0,0,5.46,High
1.93,6,110454,Soybean,0,1,5.07,High
1.29,7,105487,Vegetable,0,1,4.79,High
5.41,10,54400,Corn,1,0,2.55,Low
0.76,19,31852,Rice,1,0,1.13,High
3.29,19,52756,Corn,0,0,2.76,High
2.64,26,115357,Corn,1,0,4.6,Low
5.9,22,119052,Soybean,0,0,1.38,High
0.94,29,56481,Corn,1,1,0.87,High
2.57,12,1283,Soybean,1,0,1.6,High
5.83,3,33691,Vegetable,0,1,4.88,Low
5.23,13,132197,Rice,0,0,6.34,Low
4.96,18,26170,Corn,1,0,6.4,Low
1.77,8,8438,Rice,1,1,3.62,Low
1.27,21,20095,Corn,1,0,5.76,Low
4.11,15,147226,Rice,0,0,5.0,Low
5.6,1,139076,Corn,1,1,3.66,High
3.47,3,9752,Corn,0,0,4.06,High
3.56,26,55426,Corn,0,1,1.58,Low
1.9,8,26819,Corn,1,0,6.14,Low
4.69,4,92051,Corn,0,0,2.81,High
1.37,16,32994,Corn,1,0,3.34,Low
2.14,30,146108,Corn,1,0,4.63,Low
2.72,23,97756,Corn,0,0,2.7,High
3.19,10,140659,Corn,1,0,2.25,High
1.68,12,95665,Rice,1,1,4.4,Low
0.95,14,131717,Soybean,1,0,0.94,High
3.78,14,81835,Corn,1,1,4.91,Low
1.95,2,122232,Soybean,1,0,3.73,High
3.61,23,149960,Corn,0,1,4.25,Low
1.18,5,43732,Corn,0,1,4.4,High
3.04,5,46305,Rice,0,0,3.8,High
3.34,6,9346,Vegetable,1,1,4.12,Low
0.6,13,587,Vegetable,1,1,4.7,Low
2.22,9,12763,Rice,1,1,5.09,Low
1.07,30,69615,Soybean,1,1,4.95,Low
0.66,22,120987,Vegetable,1,1,5.76,Low
5.94,28,91353,Rice,1,1,1.88,Low
2.14,29,95648,Rice,1,1,3.09,Low
4.92,15,25556,Vegetable,1,1,6.2,Low
1.75,14,59042,Soybean,0,0,3.06,High
4.18,24,18099,Rice,0,1,1.51,Low
4.63,7,109089,Corn,0,0,3.8,High
3.7,25,144302,Soybean,0,0,1.42,High
2.99,20,33866,Soybean,0,1,1.96,High
2.65,2,105400,Vegetable,1,0,6.49,High
2.29,7,84246,Vegetable,1,0,3.89,High
5.6,6,76975,Corn,0,0,2.42,High
5.03,17,81557,Rice,0,0,6.47,Low
5.8,27,137488,Vegetable,0,1,6.31,Low
1.01,25,72516,Vegetable,0,0,3.31,High
4.47,25,149130,Soybean,1,0,2.28,High
5.65,28,32602,Vegetable,0,0,5.58,Low
1.33,2,129295,Vegetable,0,1,4.88,High
0.68,3,87969,Vegetable,1,0,4.72,High
4.52,5,132161,Vegetable,0,0,5.89,High
3.57,5,141559,Soybean,1,1,4.73,Low
5.1,1,155,Corn,0,1,2.42,High
1.1,8,123950,Corn,0,1,4.76,High
4.83,12,67494,Rice,1,0,2.54,Low
1.45,24,76229,Vegetable,0,0,5.13,High
1.23,4,104648,Soybean,1,0,4.33,High
1.24,13,38547,Rice,0,1,1.24,High
4.94,23,28795,Rice,1,0,3.72,Low
4.09,15,21447,Corn,0,1,2.76,High
3.28,11,87960,Soybean,1,0,2.67,High
2.35,10,63278,Soybean,0,0,4.23,High
5.3,3,55077,Soybean,1,0,2.64,High
2.54,22,112782,Corn,0,0,5.23,High
4.95,14,102932,Corn,0,0,1.2,High
2.8,16,140600,Corn,0,1,4.56,Low
2.45,10,109869,Corn,0,0,5.41,High
2.94,29,139251,Corn,0,0,4.64,High
2.02,10,48781,Vegetable,1,0,3.63,Low
4.56,12,53798,Vegetable,1,1,6.22,Low
3.17,30,98696,Soybean,1,1,2.51,Low
1.62,9,50939,Rice,0,1,0.91,High
5.43,1,29516,Soybean,0,0,3.26,High
2.49,5,141521,Rice,1,1,0.99,Low
3.4,20,50290,Corn,0,1,6.24,Low
5.47,8,126688,Rice,0,1,2.0,High
3.86,11,86661,Soybean,0,1,5.3,High
0.97,12,72954,Soybean,1,0,5.22,High
5.66,1,22746,Rice,1,1,2.04,Low
3.88,25,67990,Vegetable,1,0,4.34,Low
2.21,22,58810,Corn,0,0,1.07,High
1.09,20,118362,Corn,1,0,3.56,High
4.83,28,146295,Soybean,1,1,0.88,Low
3.83,25,133669,Vegetable,0,0,6.05,High
3.34,11,2659,Rice,0,0,6.36,Low
5.4,5,86516,Corn,0,0,2.07,High
4.8,15,74567,Vegetable,1,0,1.99,Low
1.16,5,15037,Corn,1,1,5.1,Low
2.08,12,126498,Vegetable,0,1,2.24,High
1.72,5,12109,Vegetable,1,1,5.9,Low
4.54,17,22010,Soybean,1,0,4.07,Low
0.49,17,8787,Corn,1,1,2.8,Low
3.55,24,139544,Rice,1,1,5.55,Low
4.65,12,61709,Soybean,1,0,3.61,Low
5.3,24,34518,Soybean,1,1,6.0,Low
2.25,28,53909,Rice,1,1,6.09,Low
4.98,15,18351,Soybean,1,1,1.74,Low
0.93,15,15282,Vegetable,0,1,0.81,High
5.12,6,5075,Vegetable,1,1,6.41,Low
1.03,12,28365,Corn,0,0,5.96,High
2.56,27,11002,Corn,1,0,1.12,Low
4.84,29,13947,Rice,1,0,5.55,Low
1.15,20,94840,Corn,0,0,3.41,High
1.61,18,116219,Vegetable,1,0,2.28,Low
4.42,14,78610,Rice,1,1,5.81,Low
4.4,2,52142,Rice,1,0,1.92,High
3.95,9,56307,Corn,0,0,6.2,Low
4.26,5,135565,Vegetable,1,0,1.97,High
3.39,20,50085,Rice,1,0,4.3,Low
1.74,26,34228,Vegetable,0,1,2.07,High
2.27,29,43472,Vegetable,1,1,3.91,Low
1.34,1,49437,Vegetable,1,1,4.7,Low
5.48,23,59711,Corn,1,0,1.88,Low
3.63,3,137888,Soybean,0,0,3.77,High
2.58,6,77175,Soybean,1,0,3.47,Low
2.93,5,64307,Rice,1,1,1.2,Low
5.7,21,46733,Vegetable,1,0,5.46,Low
1.17,27,128202,Corn,0,1,2.71,High
3.64,5,95028,Vegetable,1,1,4.08,Low
3.18,1,142312,Vegetable,0,1,3.73,High
3.79,17,92493,Corn,1,0,3.73,Low
0.4,19,125149,Soybean,0,0,1.41,High
5.27,14,8259,Vegetable,0,0,3.21,High
5.61,12,128775,Vegetable,1,1,3.38,Low
3.52,10,14849,Soybean,1,0,4.98,Low
4.27,20,81768,Corn,1,0,5.59,Low
5.56,21,106108,Rice,1,1,3.91,Low
4.33,18,89709,Soybean,0,0,1.29,High
1.17,24,54869,Rice,1,0,2.15,High
3.58,27,126888,Rice,1,0,1.74,Low
3.76,11,63095,Soybean,1,0,1.51,Low
2.72,30,117886,Vegetable,0,0,2.89,High
4.5,2,70910,Rice,1,1,2.11,Low
5.63,25,23567,Rice,1,0,2.04,Low
5.58,18,35292,Corn,1,1,1.11,Low
2.87,29,74813,Vegetable,0,1,0.9,High
0.95,25,97136,Rice,0,1,1.39,High
5.91,7,51631,Corn,1,0,1.78,Low
5.08,24,9885,Vegetable,1,0,3.26,Low
1.01,15,66314,Soybean,1,1,3.71,Low
5.55,11,65087,Soybean,1,0,1.6,Low
5.26,18,95998,Corn,0,0,3.22,High
3.26,23,49812,Soybean,0,1,2.75,High
3.67,12,58643,Rice,1,1,1.85,High
2.57,6,44900,Vegetable,0,0,0.84,High
0.61,20,138923,Rice,1,1,3.46,High
2.21,23,16288,Rice,0,0,4.71,Low
4.88,30,72692,Soybean,0,1,2.09,High
0.33,13,138440,Rice,1,0,1.55,Low
2.2,20,85436,Soybean,0,0,5.86,High
2.57,16,46403,Vegetable,1,0,2.37,High
3.36,18,91170,Vegetable,1,0,2.07,Low
5.54,10,9168,Rice,1,0,5.69,Low
2.27,28,49879,Corn,1,0,5.46,Low
2.28,23,59871,Soybean,0,0,3.36,High
4.5,8,32174,Soybean,0,1,3.59,High
2.88,18,137653,Rice,0,0,2.04,High
1.58,21,110155,Soybean,0,1,1.25,High
2.88,1,71853,Soybean,0,0,4.07,High
1.1,23,64046,Corn,1,1,1.36,High
1.31,8,49678,Corn,1,0,3.36,High
3.14,29,26649,Rice,1,1,6.16,Low
2.69,6,127795,Corn,0,0,6.23,High
5.51,5,88668,Rice,0,0,2.16,High
2.37,15,145639,Vegetable,1,1,4.36,Low
3.61,22,89906,Rice,0,0,3.5,High
3.9,15,96019,Vegetable,0,1,5.79,High
0.37,2,78002,Rice,1,0,2.35,High
4.08,1,28803,Soybean,1,0,0.82,High
1.31,23,149302,Corn,1,1,1.73,Low
5.78,23,148934,Vegetable,1,0,2.79,Low
1.15,26,30795,Rice,1,1,2.6,Low
2.66,11,8770,Corn,1,1,5.31,Low
0.79,10,11093,Rice,1,0,4.68,High
5.98,30,131265,Corn,1,1,2.51,Low
3.16,18,100311,Corn,0,0,3.41,High
3.69,18,17569,Rice,1,0,1.34,Low
0.68,17,11190,Vegetable,0,1,5.92,Low
4.57,26,62824,Vegetable,1,0,6.13,Low
1.5,8,42070,Soybean,1,1,6.38,Low
5.42,15,40197,Corn,0,1,5.75,Low
1.47,8,2261,Soybean,1,1,1.79,Low
1.39,17,137788,Soybean,1,1,1.06,High
0.51,12,86795,Rice,0,1,4.1,High
2.99,27,28933,Rice,1,1,6.0,Low
3.52,8,135450,Rice,1,0,1.81,High
0.67,25,40583,Corn,1,0,0.84,Low
4.72,14,112082,Rice,1,0,5.39,Low
2.88,4,85371,Rice,1,0,1.24,High
3.29,1,111032,Corn,1,0,3.16,High
2.81,1,42604,Corn,0,1,4.67,High
2.58,19,95074,Vegetable,0,0,2.15,High
3.49,16,73869,Rice,0,0,1.28,High
1.18,14,5410,Rice,0,1,5.19,High
1.34,21,83375,Rice,0,0,4.39,High
5.21,16,96055,Vegetable,1,0,6.43,Low
5.69,5,137868,Rice,0,0,2.76,High
2.43,9,86716,Vegetable,0,0,1.15,High
1.84,26,54245,Soybean,0,1,4.99,High
3.97,30,43056,Vegetable,1,1,3.77,Low
2.63,28,148781,Soybean,1,1,2.02,High
0.44,2,58557,Rice,1,0,5.26,High
1.19,18,17543,Soybean,0,1,1.96,High
4.38,6,96038,Vegetable,1,0,2.29,High
4.06,9,147796,Corn,0,1,1.33,High
0.45,1,3828,Soybean,1,1,3.08,High
1.57,9,116656,Soybean,1,0,3.19,High
1.62,25,17087,Rice,1,0,3.73,Low
4.13,16,143677,Vegetable,1,1,4.84,Low
0.41,13,31337,Soybean,1,1,5.96,Low
0.89,9,136554,Soybean,1,0,1.59,High
4.86,21,65333,Soybean,0,1,1.11,High
1.32,13,136535,Soybean,1,1,0.91,High
4.02,9,70448,Corn,1,0,1.62,Low
1.66,11,4648,Vegetable,0,0,4.55,Low
0.87,4,130576,Rice,0,1,4.95,High
1.69,2,33623,Rice,0,0,5.28,High
4.42,29,35634,Corn,1,0,2.19,Low
5.18,6,114598,Vegetable,0,0,2.54,High
5.03,14,49334,Soybean,0,0,3.55,High
2.56,4,68648,Corn,1,0,1.16,High
4.11,6,22054,Vegetable,1,0,4.28,Low
1.47,19,70028,Soybean,1,0,6.41,Low
1.97,6,22207,Corn,1,1,2.86,Low
5.41,2,81554,Vegetable,0,0,5.09,High
0.37,18,83276,Rice,1,0,3.65,Low
0.79,13,52781,Rice,0,1,1.53,High
1.48,9,61035,Vegetable,1,1,4.12,Low
0.45,23,8210,Rice,1,0,2.51,Low
1.33,19,44363,Vegetable,1,0,1.0,High
3.62,13,78279,Soybean,1,1,4.42,Low
2.7,11,134393,Vegetable,0,0,5.7,High
5.39,1,81348,Soybean,0,1,2.77,High
4.96,24,113816,Corn,1,1,3.02,Low
2.25,30,123053,Vegetable,1,0,5.88,Low
1.78,22,66262,Corn,1,1,5.44,Low
2.46,7,134832,Rice,0,1,4.88,High
3.66,25,67411,Soybean,1,0,2.22,High
1.83,21,23377,Vegetable,1,1,5.99,Low
3.86,15,38211,Corn,0,1,1.68,Low
2.63,1,3744,Soybean,0,0,4.37,High
3.45,12,24995,Soybean,1,0,0.96,High
2.79,26,148049,Rice,1,0,4.47,Low
1.98,7,34542,Rice,0,0,2.38,High
5.71,15,10651,Soybean,0,1,3.36,Low
4.65,21,99239,Soybean,1,0,2.77,Low
1.1,19,78931,Vegetable,0,0,1.78,High
5.25,28,102112,Soybean,0,0,4.35,High
3.08,29,16715,Vegetable,1,0,5.83,Low
5.4,25,145448,Soybean,1,0,6.27,Low
4.86,1,61350,Rice,1,0,1.9,High
2.72,17,71425,Vegetable,0,0,4.89,High
0.43,17,86120,Corn,1,0,4.59,Low
1.83,3,114889,Rice,0,0,2.76,High
3.39,12,141130,Vegetable,0,0,0.91,High
3.91,6,74637,Vegetable,1,0,4.73,High
1.77,26,70194,Corn,0,0,6.19,High
1.09,11,76917,Vegetable,0,0,4.4,High
5.06,3,64200,Soybean,1,0,3.28,High
5.91,8,105848,Corn,1,0,3.79,Low
3.3,14,106022,Rice,1,0,1.94,High
1.28,14,148226,Rice,0,0,5.08,High
1.85,10,60058,Soybean,0,0,5.05,High
0.4,2,62068,Rice,1,0,1.63,High
5.51,14,99932,Vegetable,0,0,5.8,High
0.97,9,137103,Vegetable,1,0,2.33,High
3.59,3,22785,Soybean,1,0,6.4,High
1.86,21,94475,Rice,1,0,2.98,Low
3.46,26,2282,Rice,1,0,1.81,Low
4.01,8,67534,Soybean,1,1,2.8,Low
5.03,16,74964,Corn,1,1,3.31,Low
1.48,2,119006,Rice,1,0,1.2,High
0.36,6,50583,Corn,0,0,4.1,High
1.08,28,38392,Rice,1,0,4.21,Low
5.43,21,7461,Rice,1,0,5.01,Low
5.28,29,100123,Rice,1,0,0.97,Low
3.71,26,10516,Rice,0,0,3.89,Low
3.72,25,148586,Vegetable,1,0,1.1,High
4.09,12,121251,Corn,1,0,4.8,Low
1.3,5,62493,Corn,0,1,1.12,High
5.51,2,36027,Rice,1,0,6.0,Low
2.69,16,93547,Rice,1,0,4.8,Low
2.48,5,100127,Corn,0,1,3.69,High
3.26,15,148930,Vegetable,1,0,3.32,Low
0.57,12,79003,Soybean,1,1,1.54,High
1.25,4,39758,Soybean,1,1,2.46,High
4.51,15,54312,Corn,1,1,5.75,Low
0.77,11,68670,Rice,1,1,5.96,Low
3.74,16,82279,Rice,1,0,0.8,Low
1.7,23,15434,Vegetable,1,0,4.19,Low
2.52,6,75769,Soybean,1,0,4.9,High
1.95,14,66677,Vegetable,0,1,4.33,High
2.33,18,83555,Soybean,1,1,1.27,Low
4.4,12,128379,Corn,1,1,2.04,Low
1.99,27,101665,Soybean,0,0,2.23,High
3.53,11,68803,Vegetable,0,1,5.54,High
3.01,13,91703,Vegetable,1,0,3.44,High
4.08,21,21312,Vegetable,0,1,3.57,Low
5.64,23,117961,Corn,1,0,6.13,Low
4.48,11,40379,Soybean,1,1,4.43,Low
1.53,23,17297,Soybean,0,1,5.92,Low
0.48,16,2011,Vegetable,1,0,3.4,Low
1.79,15,120234,Soybean,1,1,1.65,High
3.69,21,44014,Rice,1,1,6.1,Low
0.59,28,142810,Rice,1,0,3.41,Low
3.13,15,94333,Rice,1,0,1.84,Low
3.7,25,11120,Soybean,0,0,2.52,High
2.21,4,139839,Corn,1,1,1.09,High
4.69,11,22852,Corn,0,1,3.47,Low
0.91,19,79239,Corn,1,1,5.66,Low
0.73,15,132001,Corn,0,1,6.12,High
4.45,4,91575,Rice,0,0,6.12,High
3.12,21,95040,Rice,0,0,1.51,High
4.22,13,148510,Vegetable,1,1,2.98,High
2.78,22,5744,Soybean,1,0,0.96,Low
1.7,19,138141,Soybean,1,1,5.67,Low
4.97,2,42359,Corn,0,0,2.84,High
4.86,14,98746,Rice,0,1,4.4,Low
4.26,29,120906,Corn,1,1,4.87,Low
1.85,4,7597,Vegetable,1,0,3.25,Low
3.66,16,47093,Soybean,1,0,2.55,Low
2.36,21,114650,Soybean,0,0,6.28,High
0.82,20,149765,Corn,1,1,6.3,Low
5.53,14,120956,Vegetable,0,1,2.45,High
1.08,27,115598,Soybean,0,0,3.53,High
5.72,29,133241,Vegetable,1,1,6.35,Low
2.84,15,8036,Vegetable,1,0,0.83,Low
